symbol,direction,entry_ts,exit_ts,entry_price,exit_price,holding_calendar_days,holding_trading_days,signal_strength_entry,rank_at_entry,gross_return,net_return_10bps_side,net_return_15bps_side,cost_roundtrip_bps,mfe,mae,time_to_mfe_trading_days,time_to_mae_trading_days,max_intradrawdown_from_peak,exit_reason,profitable_net,regime_off_days_during_trade,cadence_label
AUDCHF,SHORT,2020-09-13,2020-09-18,0.661794,0.663908,5,5,-0.03664,8,-0.003194,-0.005194,-0.006194,20.0,0.0,0.0,0,0,-0.004176,rotated_out_top8,False,0,weekly
EURGBP,LONG,2020-09-13,2020-09-18,0.924553,0.916533,5,5,0.04127,7,-0.008674,-0.010674,-0.011674,20.0,0.005243,-0.023319,2,5,-0.014866,rotated_out_top8,False,0,weekly
NZDCHF,SHORT,2020-09-13,2020-10-08,0.607652,0.60402,25,22,-0.07552,2,0.005978,0.003978,0.002978,20.0,0.002528,-0.010769,22,7,-0.013175,rotated_out_top8,True,0,weekly
EURUSD,LONG,2020-09-13,2020-10-08,1.18401,1.17665,25,22,0.04399,6,-0.006216,-0.008216,-0.009216,20.0,0.005051,-0.019273,3,12,-0.020304,rotated_out_top8,False,0,weekly
NZDUSD,LONG,2020-10-08,2020-10-13,0.65877,0.66535,5,4,0.03531,8,0.009988,0.007988,0.006988,20.0,0.012827,-0.006345,2,1,-0.002383,rotated_out_top8,True,0,weekly
EURUSD,LONG,2020-10-13,2020-10-28,1.17417,1.17478,15,13,0.03166,8,0.00052,-0.00148,-0.00248,20.0,0.011804,-0.004573,8,3,-0.006387,rotated_out_top8,False,0,weekly
AUDCAD,LONG,2020-09-18,2020-11-02,0.962122,0.93216,45,38,0.04996,7,-0.031142,-0.033142,-0.034142,20.0,0.013835,-0.043892,3,28,-0.03918,rotated_out_top8,False,0,weekly
NZDCHF,SHORT,2020-10-28,2020-11-02,0.60539,0.608887,5,4,-0.03602,8,-0.005777,-0.007777,-0.008777,20.0,0.0,0.0,0,0,-0.002042,rotated_out_top8,False,0,weekly
GBPCHF,SHORT,2020-09-13,2020-11-27,1.163926,1.202898,75,65,-0.05197,4,-0.033483,-0.035483,-0.036483,20.0,0.0,-0.038936,0,63,-0.04531,rotated_out_top8,False,3,weekly
CADCHF,SHORT,2020-09-13,2020-11-27,0.689567,0.696168,75,65,-0.05437,3,-0.009573,-0.011573,-0.012573,20.0,0.000982,-0.013402,43,52,-0.025995,rotated_out_top8,False,3,weekly
EURGBP,LONG,2020-10-08,2020-11-27,0.909397,0.898915,50,43,0.04879,4,-0.011526,-0.013526,-0.014526,20.0,0.008526,-0.031469,12,40,-0.026714,rotated_out_top8,False,3,weekly
EURUSD,LONG,2020-11-02,2020-11-27,1.16392,1.19588,25,22,0.03738,8,0.027459,0.025459,0.024459,20.0,0.025878,-0.003179,22,3,-0.009571,rotated_out_top8,True,3,weekly
AUDCAD,LONG,2020-11-27,2020-12-02,0.958652,0.957477,5,4,0.03056,8,-0.001225,-0.003225,-0.004225,20.0,0.005101,-0.010774,1,3,-0.006227,rotated_out_top8,False,0,weekly
GBPUSD,LONG,2020-11-27,2020-12-07,1.33036,1.33529,10,8,0.03721,7,0.003706,0.001706,0.000706,20.0,0.017672,-0.0013,7,1,-0.003999,rotated_out_top8,True,0,weekly
EURGBP,SHORT,2020-12-02,2020-12-07,0.906267,0.906792,5,4,-0.02993,8,-0.000579,-0.002579,-0.003579,20.0,0.001764,0.0,4,0,-0.001468,rotated_out_top8,False,0,weekly
AUDCAD,LONG,2020-12-07,2020-12-17,0.949128,0.969176,10,9,0.02611,8,0.021122,0.019122,0.018122,20.0,0.021037,-0.007675,9,1,-0.003138,rotated_out_top8,True,0,weekly
NZDCHF,LONG,2020-12-07,2020-12-27,0.62655,0.632525,20,16,0.03236,7,0.009537,0.007537,0.006537,20.0,0.013639,-0.011959,10,13,-0.009388,rotated_out_top8,True,0,weekly
AUDCHF,LONG,2020-11-27,2021-01-06,0.667383,0.686031,40,32,0.04412,4,0.027943,0.025943,0.024943,20.0,0.027418,-0.019693,29,9,-0.015626,rotated_out_top8,True,0,weekly
GBPUSD,LONG,2021-01-06,2021-01-11,1.36211,1.35204,5,4,0.02712,8,-0.007393,-0.009393,-0.010393,20.0,0.003605,-0.008428,1,4,-0.007753,rotated_out_top8,False,0,weekly
GBPCHF,SHORT,2020-12-27,2021-01-26,1.206491,1.217713,30,25,-0.03056,7,-0.009301,-0.011301,-0.012301,20.0,0.004344,-0.002335,3,24,-0.018349,rotated_out_top8,False,1,weekly
AUDCHF,LONG,2021-01-11,2021-01-26,0.685424,0.687149,15,13,0.02332,8,0.002518,0.000518,-0.000482,20.0,0.015304,-0.008421,4,13,-0.011674,rotated_out_top8,True,1,weekly
EURUSD,LONG,2020-12-17,2021-03-22,1.22603,1.19319,95,79,0.03234,7,-0.026786,-0.028786,-0.029786,20.0,0.007235,-0.034673,16,69,-0.039762,rotated_out_top8,False,9,weekly
CADCHF,SHORT,2021-01-26,2021-03-22,0.698463,0.737488,55,47,-0.02516,8,-0.055874,-0.057874,-0.058874,20.0,0.001554,-0.064825,5,41,-0.075741,rotated_out_top8,False,8,weekly
NZDUSD,LONG,2020-11-02,2021-04-01,0.66285,0.70188,150,127,0.04249,6,0.058882,0.056882,0.055882,20.0,0.125986,-0.00605,98,1,-0.071509,rotated_out_top8,True,12,weekly
NZDCHF,LONG,2021-03-22,2021-04-01,0.658404,0.66108,10,9,0.03476,7,0.004064,0.002064,0.001064,20.0,0.015394,-0.020469,1,2,-0.009557,rotated_out_top8,True,0,weekly
USDCHF,SHORT,2020-09-13,2021-04-06,0.90887,0.9308,205,174,-0.04798,5,-0.024129,-0.026129,-0.027129,20.0,0.030015,-0.036276,97,173,-0.072629,rotated_out_top8,False,12,weekly
GBPUSD,LONG,2021-01-26,2021-04-06,1.37382,1.38296,70,60,0.03685,6,0.006653,0.004653,0.003653,20.0,0.036475,-0.012542,26,9,-0.03317,rotated_out_top8,True,8,weekly
GBPCHF,LONG,2021-04-01,2021-04-11,1.302795,1.268756,10,8,0.04009,5,-0.026127,-0.028127,-0.029127,20.0,0.008047,-0.030964,4,8,-0.027497,rotated_out_top8,False,0,weekly
NZDUSD,LONG,2021-04-11,2021-04-16,0.70355,0.71437,5,5,0.03231,7,0.015379,0.013379,0.012379,20.0,0.02051,-0.004591,5,3,-0.000739,rotated_out_top8,True,0,weekly
AUDUSD,LONG,2020-09-18,2021-04-21,0.72872,0.77534,215,182,0.05417,4,0.063975,0.061975,0.060975,20.0,0.098707,-0.040729,136,39,-0.052805,rotated_out_top8,True,12,weekly
NZDCAD,SHORT,2021-04-16,2021-04-21,0.893441,0.900552,5,4,-0.02858,7,-0.007959,-0.009959,-0.010959,20.0,0.000545,0.0,2,0,-0.012931,rotated_out_top8,False,0,weekly
GBPCHF,LONG,2021-04-21,2021-05-06,1.276995,1.26105,15,13,0.03641,4,-0.012486,-0.014486,-0.015486,20.0,0.004401,-0.018642,1,9,-0.012245,rotated_out_top8,False,0,weekly
CADCHF,LONG,2021-04-06,2021-05-11,0.740417,0.747183,35,30,0.02962,7,0.009139,0.007139,0.006139,20.0,0.017251,-0.023049,27,14,-0.019008,rotated_out_top8,True,0,weekly
GBPCHF,LONG,2021-05-11,2021-05-16,1.277546,1.270992,5,4,0.02325,8,-0.00513,-0.00713,-0.00813,20.0,0.007364,-0.009959,2,4,-0.005893,rotated_out_top8,False,0,weekly
AUDCHF,LONG,2021-03-22,2021-06-10,0.715033,0.692972,80,69,0.041,5,-0.030853,-0.032853,-0.033853,20.0,0.012536,-0.04001,2,64,-0.035752,rotated_out_top8,False,3,weekly
NZDCHF,LONG,2021-04-06,2021-06-10,0.657322,0.643011,65,56,0.04353,4,-0.02177,-0.02377,-0.02477,20.0,0.015335,-0.026901,20,56,-0.028914,rotated_out_top8,False,3,weekly
CADCHF,LONG,2021-05-16,2021-06-10,0.744233,0.739585,25,22,0.02027,8,-0.006245,-0.008245,-0.009245,20.0,0.011047,-0.010238,17,22,-0.012714,rotated_out_top8,False,3,weekly
USDCHF,SHORT,2021-06-10,2021-06-15,0.89455,0.89852,5,4,-0.02972,8,-0.004438,-0.006438,-0.007438,20.0,0.0,-0.003644,0,4,-0.005321,rotated_out_top8,False,0,weekly
AUDUSD,LONG,2021-05-06,2021-06-20,0.77863,0.75007,45,38,0.03771,5,-0.03668,-0.03868,-0.03968,20.0,0.013331,-0.039557,4,38,-0.04865,rotated_out_top8,False,3,weekly
AUDCAD,SHORT,2021-06-15,2021-06-25,0.93639,0.933443,10,9,-0.03061,8,0.003147,0.001147,0.000147,20.0,0.000957,0.0,5,0,-0.004501,rotated_out_top8,True,0,weekly
GBPUSD,LONG,2021-06-10,2021-06-30,1.41697,1.38279,20,17,0.03516,6,-0.024122,-0.026122,-0.027122,20.0,0.001066,-0.027079,2,10,-0.026253,rotated_out_top8,False,0,weekly
NZDUSD,LONG,2021-04-21,2021-07-05,0.72024,0.70502,75,64,0.03347,7,-0.021132,-0.023132,-0.024132,20.0,0.015745,-0.038918,31,51,-0.050372,rotated_out_top8,False,3,weekly
AUDCHF,LONG,2021-06-30,2021-07-05,0.693473,0.695337,5,4,0.02015,8,0.002688,0.000688,-0.000312,20.0,0.007315,-0.012461,3,3,-0.003359,rotated_out_top8,True,0,weekly
USDCHF,SHORT,2021-06-20,2021-07-15,0.92246,0.91783,25,22,-0.0241,7,0.005019,0.003019,0.002019,20.0,0.008727,-0.001171,19,11,-0.010038,rotated_out_top8,True,0,weekly
AUDUSD,LONG,2021-06-25,2021-07-15,0.75923,0.74222,20,17,0.04065,4,-0.022404,-0.024404,-0.025404,20.0,0.003108,-0.02413,1,13,-0.021298,rotated_out_top8,False,0,weekly
GBPUSD,LONG,2021-07-05,2021-07-15,1.38528,1.38276,10,9,0.03361,4,-0.001819,-0.003819,-0.004819,20.0,0.0041,-0.008042,7,4,-0.006851,rotated_out_top8,False,0,weekly
NZDCHF,LONG,2021-07-15,2021-07-20,0.64338,0.637639,5,4,0.02492,6,-0.008925,-0.010925,-0.011925,20.0,0.00577,-0.015222,1,4,-0.011276,rotated_out_top8,False,0,weekly
GBPCHF,LONG,2021-07-15,2021-08-04,1.269139,1.259121,20,17,0.02388,7,-0.007893,-0.009893,-0.010893,20.0,0.006704,-0.019155,1,5,-0.010616,rotated_out_top8,False,0,weekly
GBPUSD,LONG,2021-07-20,2021-08-04,1.36337,1.3889,15,13,0.01884,8,0.018726,0.016726,0.015726,20.0,0.025613,-0.004555,10,1,-0.005347,rotated_out_top8,True,0,weekly
CADCHF,LONG,2021-07-05,2021-08-09,0.747358,0.732318,35,30,0.02171,8,-0.020125,-0.022125,-0.023125,20.0,0.006189,-0.042715,2,13,-0.035813,rotated_out_top8,False,0,weekly
EURUSD,SHORT,2021-08-04,2021-08-09,1.18368,1.17357,5,4,-0.02054,8,0.008541,0.006541,0.005541,20.0,0.006581,0.0,4,0,0.0,rotated_out_top8,True,0,weekly
NZDCHF,SHORT,2021-08-09,2021-08-19,0.643727,0.626515,10,9,-0.02533,8,0.026738,0.024738,0.023738,20.0,0.007183,-0.000454,9,4,-0.007843,rotated_out_top8,True,0,weekly
USDCAD,SHORT,2020-11-27,2021-08-24,1.29881,1.25963,270,229,-0.04364,5,0.030166,0.028166,0.027166,20.0,0.070287,0.0,150,0,-0.060902,rotated_out_top8,True,12,weekly
NZDUSD,SHORT,2021-08-04,2021-08-24,0.70424,0.69363,20,17,-0.02236,7,0.015066,0.013066,0.012066,20.0,0.029464,0.0,16,0,-0.010522,rotated_out_top8,True,0,weekly
EURUSD,SHORT,2021-08-24,2021-08-29,1.17523,1.17978,5,4,-0.02789,7,-0.003872,-0.005872,-0.006872,20.0,0.0,0.0,0,0,-0.00371,rotated_out_top8,False,0,weekly
GBPCHF,LONG,2021-08-19,2021-09-08,1.252424,1.268973,20,17,0.04148,4,0.013214,0.011214,0.010214,20.0,0.017658,-0.008054,17,4,-0.003249,rotated_out_top8,True,0,weekly
USDCAD,SHORT,2021-08-29,2021-09-08,1.26117,1.26933,10,9,-0.03006,8,-0.00647,-0.00847,-0.00947,20.0,0.006431,0.0,7,0,-0.009547,rotated_out_top8,False,0,weekly
EURGBP,SHORT,2021-04-01,2021-09-23,0.851359,0.85561,175,150,-0.03158,8,-0.004993,-0.006993,-0.007993,20.0,0.003311,-0.023229,111,21,-0.026511,rotated_out_top8,False,3,weekly
AUDCHF,SHORT,2021-09-08,2021-09-28,0.678498,0.673018,20,17,-0.02386,8,0.008076,0.006076,0.005076,20.0,0.009132,0.0,16,0,-0.010579,rotated_out_top8,True,0,weekly
NZDUSD,SHORT,2021-09-08,2021-09-28,0.70966,0.69586,20,17,-0.03822,4,0.019446,0.017446,0.016446,20.0,0.011174,-0.001804,16,4,-0.010484,rotated_out_top8,True,0,weekly
GBPCHF,LONG,2021-09-23,2021-10-13,1.26868,1.263055,20,17,0.02632,8,-0.004433,-0.006433,-0.007433,20.0,0.005659,-0.019106,5,6,-0.011246,rotated_out_top8,False,2,weekly
AUDNZD,SHORT,2021-09-28,2021-10-13,1.040913,1.059017,15,13,-0.02423,7,-0.017392,-0.019392,-0.020392,20.0,0.0,-0.011728,0,11,-0.017471,rotated_out_top8,False,2,weekly
EURGBP,SHORT,2021-09-28,2021-10-13,0.862986,0.848435,15,13,-0.02763,5,0.016861,0.014861,0.013861,20.0,0.01426,0.0,11,0,-0.001567,rotated_out_top8,True,2,weekly
BTCUSD,LONG,2020-09-13,2021-10-18,10320.41,61943.01,400,400,0.1,1,5.001991,4.999991,4.998991,20.0,5.274382,-0.017925,214,11,-3.265249,sign_flip,True,21,weekly
BTCUSD,SHORT,2021-10-18,2021-10-23,61943.01,61233.66,5,5,-0.1,1,0.011452,0.009452,0.008452,20.0,0.0,-0.023717,0,3,-0.065678,sign_flip,True,0,weekly
AUDCHF,SHORT,2021-10-13,2021-10-28,0.682191,0.686532,15,13,-0.02675,8,-0.006363,-0.008363,-0.009363,20.0,0.0,-0.00843,0,12,-0.012721,rotated_out_top8,False,0,weekly
USDCHF,LONG,2021-10-13,2021-11-02,0.92409,0.91478,20,17,0.02746,7,-0.010075,-0.012075,-0.013075,20.0,0.007164,-0.016968,1,17,-0.016211,rotated_out_top8,False,0,weekly
GBPUSD,SHORT,2021-10-28,2021-11-02,1.3798,1.36156,5,4,-0.02562,8,0.013219,0.011219,0.010219,20.0,0.008001,0.0,3,0,0.0,rotated_out_top8,True,0,weekly
AUDCHF,SHORT,2021-11-02,2021-11-07,0.680148,0.674343,5,4,-0.02859,7,0.008535,0.006535,0.005535,20.0,0.000232,0.0,4,0,-0.000644,rotated_out_top8,True,0,weekly
CADCHF,LONG,2021-08-24,2021-11-12,0.724935,0.734065,80,69,0.02485,8,0.012595,0.010595,0.009595,20.0,0.037008,-0.011544,50,4,-0.021123,rotated_out_top8,True,2,weekly
NZDUSD,SHORT,2021-10-13,2021-11-12,0.69709,0.70413,30,26,-0.05876,3,-0.010099,-0.012099,-0.013099,20.0,0.0,-0.027127,0,17,-0.032478,rotated_out_top8,False,0,weekly
EURUSD,SHORT,2021-11-02,2021-11-12,1.15786,1.1443,10,9,-0.02518,8,0.011711,0.009711,0.008711,20.0,0.007903,0.0,9,0,-0.003325,rotated_out_top8,True,0,weekly
EURGBP,SHORT,2021-11-07,2021-11-12,0.857509,0.853147,5,5,-0.02499,8,0.005088,0.003088,0.002088,20.0,0.0,0.0,0,0,-0.002594,rotated_out_top8,True,0,weekly
USDCAD,SHORT,2021-11-12,2021-11-17,1.25482,1.26104,5,4,-0.0212,7,-0.004957,-0.006957,-0.007957,20.0,0.0,0.0,0,0,-0.004072,rotated_out_top8,False,0,weekly
AUDNZD,SHORT,2021-11-12,2021-11-17,1.041228,1.037962,5,4,-0.01842,8,0.003137,0.001137,0.000137,20.0,0.0,0.0,0,0,-0.003266,rotated_out_top8,True,0,weekly
NZDCAD,SHORT,2021-06-10,2021-11-22,0.869422,0.882434,165,141,-0.04199,4,-0.014966,-0.016966,-0.017966,20.0,0.005703,-0.036364,105,81,-0.044677,rotated_out_top8,False,2,weekly
BTCUSD,LONG,2021-10-23,2021-12-27,61233.66,50664.36,65,65,0.08065,1,-0.172606,-0.174606,-0.175606,20.0,0.126566,-0.315113,19,43,-0.349622,sign_flip,False,6,weekly
EURCHF,SHORT,2021-11-12,2021-12-27,1.054038,1.039037,45,38,-0.02544,5,0.014232,0.012232,0.011232,20.0,0.014162,0.0,20,0,-0.006024,rotated_out_top8,True,5,weekly
GBPCHF,SHORT,2021-11-17,2021-12-27,1.252397,1.232728,40,34,-0.02905,5,0.015705,0.013705,0.012705,20.0,0.028553,0.0,16,0,-0.013734,rotated_out_top8,True,5,weekly
AUDNZD,SHORT,2021-11-22,2021-12-27,1.040114,1.061764,35,30,-0.01798,8,-0.020815,-0.022815,-0.023815,20.0,0.0,-0.017393,0,30,-0.023309,rotated_out_top8,False,5,weekly
BTCUSD,SHORT,2021-12-27,2022-01-01,50664.36,47706.75,5,5,-0.1,1,0.058377,0.056377,0.055377,20.0,0.05501,0.0,4,0,-0.012609,sign_flip,True,0,weekly
AUDCAD,SHORT,2021-07-15,2022-01-06,0.934537,0.911636,175,150,-0.02156,8,0.024505,0.022505,0.021505,20.0,0.036055,0.0,123,0,-0.03086,rotated_out_top8,True,7,weekly
GBPUSD,SHORT,2021-12-27,2022-01-06,1.3441,1.35325,10,9,-0.03107,8,-0.006808,-0.008808,-0.009808,20.0,0.0,-0.006041,0,9,-0.009047,rotated_out_top8,False,0,weekly
BTCUSD,LONG,2022-01-01,2022-01-06,47706.75,43068.88,5,5,0.04839,3,-0.097216,-0.099216,-0.100216,20.0,0.004782,-0.110271,2,5,-0.090562,sign_flip,False,0,weekly
USDCHF,LONG,2022-01-06,2022-01-11,0.92142,0.92348,5,4,0.02558,8,0.002236,0.000236,-0.000764,20.0,0.006566,-0.005079,4,1,-0.003278,rotated_out_top8,True,0,weekly
CADCHF,SHORT,2022-01-11,2022-01-16,0.734284,0.72917,5,4,-0.03042,8,0.006965,0.004965,0.003965,20.0,0.001641,0.0,4,0,0.0,rotated_out_top8,True,0,weekly
BTCUSD,SHORT,2022-01-06,2022-01-26,43068.88,36811.49,20,20,-0.1,1,0.145288,0.143288,0.142288,20.0,0.152478,0.0,18,0,-0.055264,sign_flip,True,0,weekly
USDCHF,LONG,2022-01-16,2022-01-26,0.91443,0.92395,10,9,0.03471,8,0.010411,0.008411,0.007411,20.0,0.00643,-0.004057,9,6,-0.005665,rotated_out_top8,True,0,weekly
NZDCHF,SHORT,2022-01-06,2022-01-31,0.620908,0.609649,25,21,-0.03804,7,0.018133,0.016133,0.015133,20.0,0.015344,-0.001725,21,7,-0.010179,rotated_out_top8,True,0,weekly
CADCHF,SHORT,2022-01-26,2022-01-31,0.730078,0.728983,5,4,-0.03023,8,0.0015,-0.0005,-0.0015,20.0,0.0,0.0,0,0,-0.000642,rotated_out_top8,False,0,weekly
GBPUSD,SHORT,2022-01-31,2022-02-10,1.34443,1.35485,10,9,-0.02418,8,-0.00775,-0.00975,-0.01075,20.0,0.0,-0.006955,0,4,-0.011395,rotated_out_top8,False,0,weekly
NZDCHF,SHORT,2022-02-10,2022-02-15,0.617002,0.614348,5,4,-0.0333,8,0.004301,0.002301,0.001301,20.0,0.002979,0.0,3,0,-0.000121,rotated_out_top8,True,0,weekly
BTCUSD,LONG,2022-01-26,2022-02-20,36811.49,38381.35,25,25,0.1,1,0.042646,0.040646,0.039646,20.0,0.244225,-0.035381,16,2,-0.124836,rotated_out_top8,True,1,weekly
EURCHF,SHORT,2022-02-15,2022-02-20,1.050851,1.042056,5,4,-0.03255,8,0.008369,0.006369,0.005369,20.0,0.002093,0.0,4,0,0.0,rotated_out_top8,True,0,weekly
USDCAD,LONG,2021-12-27,2022-02-25,1.27874,1.26996,60,52,0.0329,7,-0.006866,-0.008866,-0.009866,20.0,0.006991,-0.026471,52,21,-0.024845,rotated_out_top8,False,0,weekly
USDCHF,LONG,2022-01-31,2022-02-25,0.92704,0.92545,25,22,0.03767,7,-0.001715,-0.003715,-0.004715,20.0,0.007788,-0.013009,1,19,-0.012081,rotated_out_top8,False,0,weekly
GBPUSD,SHORT,2022-02-20,2022-02-25,1.35909,1.3411,5,5,-0.02679,8,0.013237,0.011237,0.010237,20.0,0.003289,0.0,5,0,-0.000235,rotated_out_top8,True,0,weekly
AUDUSD,SHORT,2021-08-09,2022-04-11,0.73292,0.7414,245,210,-0.02686,7,-0.01157,-0.01357,-0.01457,20.0,0.045407,-0.028134,150,206,-0.080827,rotated_out_top8,False,14,weekly
AUDCHF,SHORT,2021-11-12,2022-04-11,0.675328,0.69057,150,128,-0.05087,2,-0.022569,-0.024569,-0.025569,20.0,0.045161,-0.033104,20,116,-0.093045,sign_flip,False,12,weekly
NZDUSD,SHORT,2021-12-27,2022-04-11,0.68146,0.68166,105,90,-0.04274,4,-0.000293,-0.002293,-0.003293,20.0,0.037141,-0.018901,30,77,-0.063408,rotated_out_top8,False,7,weekly
AUDCAD,SHORT,2022-02-20,2022-04-11,0.914731,0.937055,50,43,-0.03054,7,-0.024405,-0.026405,-0.027405,20.0,0.0,-0.023613,0,37,-0.035109,rotated_out_top8,False,7,weekly
NZDCHF,SHORT,2022-02-25,2022-04-11,0.62417,0.634925,45,38,-0.0441,5,-0.017232,-0.019232,-0.020232,20.0,0.005303,-0.034166,2,26,-0.047705,rotated_out_top8,False,7,weekly
BTCUSD,LONG,2022-02-25,2022-04-16,39225.74,40361.12,50,50,0.1,1,0.028945,0.026945,0.025945,20.0,0.229109,-0.057317,32,3,-0.20265,rotated_out_top8,True,8,weekly
EURCHF,SHORT,2022-02-25,2022-09-08,1.043084,0.969561,195,167,-0.03084,8,0.070487,0.068487,0.067487,20.0,0.076906,0.0,152,0,-0.046428,rotated_out_top8,True,31,weekly
AUDCHF,LONG,2022-04-11,2022-09-08,0.69057,0.655175,150,129,0.03736,3,-0.051254,-0.053254,-0.054254,20.0,0.040477,-0.065049,22,71,-0.077339,rotated_out_top8,False,24,weekly
EURUSD,SHORT,2021-11-17,2023-01-11,1.13173,1.0765,420,360,-0.02628,6,0.048801,0.046801,0.045801,20.0,0.145512,-0.011823,270,70,-0.100987,rotated_out_top8,True,57,weekly
USDCHF,LONG,2022-04-11,2023-01-11,0.93144,0.93094,275,236,0.02219,6,-0.000537,-0.002537,-0.003537,20.0,0.089431,-0.015879,167,235,-0.099201,rotated_out_top8,False,45,weekly
GBPUSD,SHORT,2022-04-11,2023-01-11,1.30223,1.21567,275,236,-0.0344,5,0.066471,0.064471,0.063471,20.0,0.167774,-0.001866,146,6,-0.129954,rotated_out_top8,True,45,weekly
CADCHF,LONG,2022-04-11,2023-01-11,0.736957,0.693267,275,236,0.0199,7,-0.059284,-0.061284,-0.062284,20.0,0.063955,-0.086058,31,230,-0.136323,sign_flip,False,45,weekly
NZDCAD,SHORT,2022-09-08,2023-01-11,0.793855,0.854859,125,107,-0.03165,6,-0.076846,-0.078846,-0.079846,20.0,0.028719,-0.096708,27,87,-0.135306,sign_flip,False,21,weekly
NZDUSD,SHORT,2022-09-08,2023-01-11,0.60689,0.63661,125,107,-0.06337,3,-0.048971,-0.050971,-0.051971,20.0,0.081234,-0.054919,33,84,-0.147193,rotated_out_top8,False,21,weekly
BTCUSD,SHORT,2022-09-08,2023-02-25,19324.96,23144.48,170,170,-0.1,1,-0.197647,-0.199647,-0.200647,20.0,0.157718,-0.263606,75,164,-0.468358,sign_flip,False,32,weekly
NZDCHF,SHORT,2023-01-11,2023-03-02,0.592646,0.585733,50,43,-0.05563,5,0.011665,0.009665,0.008665,20.0,0.025809,-0.005202,34,16,-0.023253,rotated_out_top8,True,7,weekly
AUDUSD,SHORT,2023-01-11,2023-03-02,0.69085,0.67311,50,43,-0.07084,3,0.025679,0.023679,0.022679,20.0,0.024839,-0.026489,40,16,-0.034494,rotated_out_top8,True,7,weekly
USDCAD,LONG,2023-01-11,2023-03-07,1.34283,1.37493,55,47,0.06195,4,0.023905,0.021905,0.020905,20.0,0.017575,-0.012422,39,20,-0.016547,rotated_out_top8,True,7,weekly
NZDCAD,LONG,2023-01-11,2023-04-11,0.854859,0.833776,90,77,0.04666,8,-0.024663,-0.026663,-0.027663,20.0,0.031153,-0.029674,7,48,-0.038701,rotated_out_top8,False,12,weekly
AUDCAD,LONG,2023-03-02,2023-04-11,0.915207,0.895612,40,34,0.05923,4,-0.02141,-0.02341,-0.02441,20.0,0.014798,-0.025607,18,28,-0.024955,rotated_out_top8,False,5,weekly
GBPCHF,SHORT,2022-04-11,2023-04-16,1.212949,1.10967,370,317,-0.01987,8,0.085147,0.083147,0.082147,20.0,0.121229,-0.015251,144,10,-0.080706,rotated_out_top8,True,57,weekly
NZDCAD,LONG,2023-04-16,2023-04-21,0.828742,0.831013,5,5,0.03652,8,0.00274,0.00074,-0.00026,20.0,0.011832,-0.008214,4,2,-0.002659,rotated_out_top8,True,0,weekly
NZDUSD,SHORT,2023-04-21,2023-04-26,0.61381,0.61194,5,4,-0.04137,6,0.003047,0.001047,4.7e-05,20.0,0.0,0.0,0,0,-0.005898,rotated_out_top8,True,0,weekly
NZDCAD,LONG,2023-04-26,2023-05-01,0.83408,0.835191,5,4,0.03718,8,0.001332,-0.000668,-0.001668,20.0,0.013733,-0.006337,3,3,-0.000628,rotated_out_top8,False,0,weekly
AUDUSD,SHORT,2023-04-11,2023-05-26,0.66523,0.65174,45,39,-0.04501,6,0.020279,0.018279,0.017279,20.0,0.01631,-0.01407,39,25,-0.025991,rotated_out_top8,True,3,weekly
NZDCHF,SHORT,2023-03-07,2023-05-31,0.575674,0.547993,85,73,-0.0372,8,0.048084,0.046084,0.045084,20.0,0.047747,-0.006979,41,11,-0.037006,rotated_out_top8,True,8,weekly
NZDCAD,LONG,2023-05-26,2023-05-31,0.823006,0.816985,5,4,0.03567,8,-0.007315,-0.009315,-0.010315,20.0,0.01134,-0.006971,1,4,-0.002269,rotated_out_top8,False,0,weekly
NZDUSD,LONG,2023-05-31,2023-06-15,0.60223,0.62335,15,13,0.04447,7,0.03507,0.03307,0.03207,20.0,0.035402,-0.006277,13,1,-0.00621,rotated_out_top8,True,0,weekly
EURUSD,LONG,2023-04-11,2023-06-20,1.09158,1.09194,70,60,0.03938,7,0.00033,-0.00167,-0.00267,20.0,0.016398,-0.025733,14,44,-0.034363,rotated_out_top8,False,3,weekly
AUDNZD,SHORT,2023-05-31,2023-06-25,1.080235,1.086706,25,21,-0.03996,8,-0.00599,-0.00799,-0.00899,20.0,0.0,-0.019428,0,16,-0.02261,rotated_out_top8,False,0,weekly
AUDUSD,LONG,2023-06-25,2023-07-05,0.66802,0.66543,10,9,0.04038,7,-0.003877,-0.005877,-0.006877,20.0,0.005973,-0.013054,3,4,-0.01247,rotated_out_top8,False,0,weekly
EURUSD,LONG,2023-07-05,2023-07-10,1.08547,1.10049,5,4,0.04111,8,0.013837,0.011837,0.010837,20.0,0.01088,-0.001971,3,2,-0.000184,rotated_out_top8,True,0,weekly
NZDUSD,LONG,2023-06-20,2023-07-20,0.61656,0.62297,30,26,0.03893,7,0.010396,0.008396,0.007396,20.0,0.039801,-0.018814,22,9,-0.02295,rotated_out_top8,True,0,weekly
AUDUSD,LONG,2023-07-10,2023-07-20,0.6676,0.67776,10,9,0.04527,7,0.015219,0.013219,0.012219,20.0,0.032699,-0.007939,5,1,-0.017585,sign_flip,True,0,weekly
AUDNZD,SHORT,2023-07-20,2023-07-25,1.08795,1.092078,5,4,-0.03247,7,-0.003795,-0.005795,-0.006795,20.0,0.0,-0.001232,0,3,-0.003087,rotated_out_top8,False,0,weekly
GBPUSD,LONG,2023-05-01,2023-08-09,1.24842,1.27191,100,86,0.0311,8,0.018816,0.016816,0.015816,20.0,0.052675,-0.014138,65,22,-0.033058,rotated_out_top8,True,5,weekly
AUDUSD,SHORT,2023-07-20,2023-08-09,0.67776,0.65345,20,17,-0.03201,8,0.035868,0.033868,0.032868,20.0,0.030925,0.0,13,0,-0.010136,rotated_out_top8,True,2,weekly
CADCHF,SHORT,2023-01-11,2023-08-24,0.693267,0.651563,225,193,-0.0477,7,0.060157,0.058157,0.057157,20.0,0.05992,0.0,190,0,-0.047616,rotated_out_top8,True,17,weekly
AUDCAD,SHORT,2023-07-25,2023-08-29,0.894922,0.877934,35,30,-0.03627,8,0.018983,0.016983,0.015983,20.0,0.029018,0.0,23,0,-0.009689,rotated_out_top8,True,2,weekly
USDCHF,SHORT,2023-03-02,2023-09-08,0.94195,0.89294,190,163,-0.05824,5,0.05203,0.05003,0.04903,20.0,0.086268,0.0,119,0,-0.037104,rotated_out_top8,True,10,weekly
NZDCAD,SHORT,2023-08-09,2023-09-13,0.81317,0.80211,35,30,-0.04109,6,0.013601,0.011601,0.010601,20.0,0.012208,0.0,10,0,-0.007999,rotated_out_top8,True,0,weekly
USDCHF,SHORT,2023-09-13,2023-09-18,0.89344,0.89727,5,4,-0.03613,7,-0.004287,-0.006287,-0.007287,20.0,0.0,-0.001657,0,4,-0.004746,rotated_out_top8,False,0,weekly
CADCHF,SHORT,2023-08-29,2023-10-13,0.648257,0.660813,45,39,-0.03423,8,-0.019368,-0.021368,-0.022368,20.0,0.0,-0.043472,0,27,-0.052166,rotated_out_top8,False,0,weekly
EURCHF,SHORT,2023-10-13,2023-10-18,0.948143,0.947068,5,4,-0.02143,8,0.001133,-0.000867,-0.001867,20.0,0.0,0.0,0,0,-0.003658,rotated_out_top8,False,0,weekly
EURUSD,SHORT,2023-10-18,2023-10-23,1.05375,1.06695,5,4,-0.0229,8,-0.012527,-0.014527,-0.015527,20.0,0.0,-0.004688,0,4,-0.005305,rotated_out_top8,False,0,weekly
CADCHF,SHORT,2023-10-23,2023-11-17,0.650787,0.645667,25,22,-0.02866,8,0.007867,0.005867,0.004867,20.0,0.000137,-0.007249,22,12,-0.014578,rotated_out_top8,True,0,weekly
USDCHF,SHORT,2023-11-17,2023-11-22,0.88561,0.88407,5,4,-0.0256,8,0.001739,-0.000261,-0.001261,20.0,0.000926,0.0,4,0,-0.000203,rotated_out_top8,False,0,weekly
AUDCAD,SHORT,2023-09-08,2023-12-07,0.869633,0.896371,90,77,-0.0383,7,-0.030747,-0.032747,-0.033747,20.0,0.00899,-0.031239,32,74,-0.052693,rotated_out_top8,False,0,weekly
NZDUSD,SHORT,2023-08-09,2023-12-27,0.60602,0.63464,140,119,-0.03135,8,-0.047226,-0.049226,-0.050226,20.0,0.040791,-0.038563,70,119,-0.088677,rotated_out_top8,False,2,weekly
NZDCAD,SHORT,2023-09-18,2023-12-27,0.798296,0.83801,100,85,-0.02897,7,-0.049749,-0.051749,-0.052749,20.0,0.0,-0.042977,0,66,-0.049726,rotated_out_top8,False,2,weekly
CADCHF,SHORT,2023-11-22,2024-01-01,0.645702,0.63561,40,32,-0.03368,7,0.01563,0.01363,0.01263,20.0,0.008582,-0.004981,32,22,-0.012196,rotated_out_top8,True,2,weekly
USDCHF,SHORT,2023-12-07,2024-01-01,0.87546,0.84095,25,19,-0.02758,8,0.039419,0.037419,0.036419,20.0,0.036461,-0.003153,19,3,-0.005163,rotated_out_top8,True,2,weekly
AUDUSD,SHORT,2023-08-24,2024-01-11,0.64121,0.66979,140,118,-0.03202,8,-0.044572,-0.046572,-0.047572,20.0,0.015814,-0.063895,45,108,-0.087117,sign_flip,False,2,weekly
EURUSD,SHORT,2023-12-27,2024-01-11,1.11077,1.09818,15,12,-0.02749,8,0.011334,0.009334,0.008334,20.0,0.014693,0.0,9,0,-0.004339,rotated_out_top8,True,0,weekly
AUDCAD,SHORT,2024-01-01,2024-01-11,0.900144,0.896038,10,9,-0.02355,8,0.004561,0.002561,0.001561,20.0,0.003146,0.0,6,0,-0.001903,rotated_out_top8,True,0,weekly
EURGBP,SHORT,2024-01-01,2024-01-11,0.867261,0.85945,10,9,-0.02817,7,0.009005,0.007005,0.006005,20.0,0.006431,0.0,6,0,-0.001967,rotated_out_top8,True,0,weekly
AUDUSD,LONG,2024-01-11,2024-01-16,0.66979,0.65879,5,4,0.0337,7,-0.016423,-0.018423,-0.019423,20.0,0.004494,-0.007674,2,1,-0.007226,rotated_out_top8,False,0,weekly
NZDCAD,SHORT,2024-01-11,2024-01-21,0.834875,0.821247,10,8,-0.0247,8,0.016323,0.014323,0.013323,20.0,0.009444,0.0,8,0,-0.001927,rotated_out_top8,True,0,weekly
AUDUSD,LONG,2024-01-21,2024-01-26,0.65927,0.65758,5,5,0.02551,8,-0.002563,-0.004563,-0.005563,20.0,0.004156,-0.00631,4,3,-0.003458,rotated_out_top8,False,0,weekly
NZDCAD,SHORT,2024-01-26,2024-01-31,0.819264,0.820815,5,4,-0.02357,8,-0.001893,-0.003893,-0.004893,20.0,0.0,0.0,0,0,-0.004,rotated_out_top8,False,0,weekly
USDCAD,SHORT,2024-01-31,2024-02-15,1.34311,1.34656,15,13,-0.02225,8,-0.002569,-0.004569,-0.005569,20.0,0.0,-0.007356,0,13,-0.013513,rotated_out_top8,False,0,weekly
EURCHF,SHORT,2023-12-27,2024-02-25,0.935779,0.953007,60,50,-0.03829,6,-0.01841,-0.02041,-0.02141,20.0,0.007471,-0.014489,4,50,-0.027603,rotated_out_top8,False,0,weekly
NZDUSD,SHORT,2024-02-25,2024-03-01,0.61829,0.61058,5,5,-0.02621,8,0.01247,0.01047,0.00947,20.0,0.011645,0.0,5,0,-0.000485,rotated_out_top8,True,0,weekly
NZDCHF,SHORT,2023-06-15,2024-03-06,0.555885,0.540224,265,225,-0.04119,7,0.028173,0.026173,0.025173,20.0,0.062903,0.0,111,0,-0.051197,rotated_out_top8,True,4,weekly
EURUSD,SHORT,2024-03-06,2024-03-11,1.08979,1.09302,5,4,-0.02117,8,-0.002964,-0.004964,-0.005964,20.0,0.0,-0.003212,0,4,-0.004762,rotated_out_top8,False,0,weekly
GBPCHF,SHORT,2024-01-11,2024-03-21,1.087408,1.136569,70,60,-0.03382,6,-0.04521,-0.04721,-0.04821,20.0,0.0,-0.033349,0,51,-0.043309,rotated_out_top8,False,0,weekly
USDCHF,SHORT,2024-01-11,2024-03-21,0.85102,0.89775,70,60,-0.05279,2,-0.054911,-0.056911,-0.057911,20.0,0.0,-0.041891,0,59,-0.0441,rotated_out_top8,False,0,weekly
CADCHF,SHORT,2024-01-16,2024-03-21,0.638623,0.663678,65,56,-0.02742,7,-0.039231,-0.041231,-0.042231,20.0,0.0,-0.020786,0,26,-0.03023,rotated_out_top8,False,0,weekly
EURCHF,SHORT,2024-03-01,2024-03-21,0.957324,0.975091,20,17,-0.02931,7,-0.018559,-0.020559,-0.021559,20.0,0.0,-0.003469,0,16,-0.011909,rotated_out_top8,False,0,weekly
NZDCAD,SHORT,2024-03-21,2024-03-26,0.817674,0.81564,5,4,-0.02334,8,0.002487,0.000487,-0.000513,20.0,0.0022,0.0,3,0,0.0,rotated_out_top8,True,0,weekly
NZDCHF,SHORT,2024-03-11,2024-03-31,0.541196,0.539814,20,17,-0.03071,6,0.002553,0.000553,-0.000447,20.0,0.006307,0.0,6,0,-0.009954,rotated_out_top8,True,0,weekly
GBPUSD,SHORT,2024-03-21,2024-03-31,1.26602,1.26354,10,8,-0.0375,5,0.001959,-4.1e-05,-0.001041,20.0,0.004795,0.0,3,0,-0.003081,rotated_out_top8,False,0,weekly
NZDUSD,SHORT,2024-03-21,2024-03-31,0.60448,0.59843,10,8,-0.06236,2,0.010009,0.008009,0.007009,20.0,0.009794,0.0,8,0,-0.002895,rotated_out_top8,True,0,weekly
AUDCAD,SHORT,2024-03-26,2024-03-31,0.88786,0.883189,5,4,-0.02256,8,0.005261,0.003261,0.002261,20.0,0.002992,0.0,4,0,0.0,rotated_out_top8,True,0,weekly
NZDCAD,LONG,2024-03-31,2024-04-05,0.809209,0.81682,5,5,0.02533,6,0.009405,0.007405,0.006405,20.0,0.012892,-0.008214,5,2,-0.001796,rotated_out_top8,True,0,weekly
EURCHF,SHORT,2024-03-31,2024-04-05,0.973429,0.977418,5,5,-0.02221,8,-0.004098,-0.006098,-0.007098,20.0,0.0,-0.002421,0,5,-0.00704,rotated_out_top8,False,0,weekly
AUDNZD,SHORT,2024-03-31,2024-04-05,1.091423,1.09443,5,5,-0.02498,7,-0.002756,-0.004756,-0.005756,20.0,0.0,0.0,0,0,-0.002842,rotated_out_top8,False,0,weekly
AUDCHF,SHORT,2023-01-11,2024-04-10,0.64314,0.594093,455,388,-0.07232,2,0.076262,0.074262,0.073262,20.0,0.121933,-0.014459,244,16,-0.055886,sign_flip,True,19,weekly
USDCHF,LONG,2024-04-05,2024-04-10,0.90196,0.91302,5,4,0.01618,8,0.012262,0.010262,0.009262,20.0,0.00561,-0.00275,1,2,-0.002262,rotated_out_top8,True,0,weekly
CADCHF,SHORT,2024-03-31,2024-04-15,0.667088,0.661408,15,13,-0.02722,5,0.008515,0.006515,0.005515,20.0,0.003833,0.0,13,0,-0.004931,rotated_out_top8,True,0,weekly
EURGBP,SHORT,2024-04-10,2024-04-15,0.856812,0.85366,5,4,-0.01958,8,0.003679,0.001679,0.000679,20.0,0.0,0.0,0,0,-0.000451,rotated_out_top8,True,0,weekly
AUDUSD,SHORT,2024-02-15,2024-04-25,0.65242,0.6521,70,60,-0.03093,6,0.00049,-0.00151,-0.00251,20.0,0.015052,-0.013565,57,20,-0.021612,sign_flip,False,0,weekly
NZDUSD,SHORT,2024-04-05,2024-04-25,0.60108,0.5956,20,17,-0.05446,3,0.009117,0.007117,0.006117,20.0,0.0185,-0.003693,14,4,-0.010065,rotated_out_top8,True,0,weekly
NZDCAD,SHORT,2024-04-15,2024-04-25,0.813579,0.8135,10,9,-0.0228,6,9.7e-05,-0.001903,-0.002903,20.0,0.002836,0.0,6,0,-0.004877,rotated_out_top8,False,0,weekly
USDCHF,LONG,2024-04-15,2024-04-25,0.91183,0.91264,10,9,0.02199,7,0.000888,-0.001112,-0.002112,20.0,0.003729,-0.011789,9,5,-0.002533,rotated_out_top8,False,0,weekly
USDCAD,SHORT,2024-04-25,2024-05-05,1.36585,1.36909,10,8,-0.01869,6,-0.002372,-0.004372,-0.005372,20.0,0.0,-0.003229,0,6,-0.00891,rotated_out_top8,False,0,weekly
AUDUSD,LONG,2024-04-25,2024-05-05,0.6521,0.66081,10,8,0.01764,7,0.013357,0.011357,0.010357,20.0,0.019445,-0.008634,8,6,-0.013065,sign_flip,True,0,weekly
AUDCAD,LONG,2024-04-25,2024-05-05,0.890671,0.904708,10,8,0.01325,8,0.015761,0.013761,0.012761,20.0,0.021826,-0.008241,8,5,-0.00507,rotated_out_top8,True,0,weekly
NZDCHF,LONG,2024-04-25,2024-05-10,0.543568,0.545547,15,13,0.0389,3,0.00364,0.00164,0.00064,20.0,0.012859,-0.016926,8,5,-0.005919,rotated_out_top8,True,0,weekly
AUDUSD,SHORT,2024-05-05,2024-05-15,0.66081,0.66992,10,9,-0.0185,8,-0.013786,-0.015786,-0.016786,20.0,0.002209,0.0,4,0,-0.006961,rotated_out_top8,False,0,weekly
NZDCAD,SHORT,2024-05-10,2024-05-15,0.822847,0.833218,5,4,-0.01422,8,-0.012604,-0.014604,-0.015604,20.0,0.0,0.0,0,0,-0.002425,rotated_out_top8,False,0,weekly
USDCHF,LONG,2024-05-05,2024-05-20,0.90583,0.91011,15,13,0.02077,7,0.004725,0.002725,0.001725,20.0,0.004791,-0.007772,9,11,-0.008633,rotated_out_top8,True,0,weekly
GBPUSD,SHORT,2024-04-05,2024-05-30,1.26373,1.27283,55,47,-0.03317,5,-0.007201,-0.009201,-0.010201,20.0,0.020519,-0.009203,14,46,-0.033401,rotated_out_top8,False,0,weekly
AUDCHF,LONG,2024-04-10,2024-05-30,0.594093,0.59884,50,43,0.02168,6,0.00799,0.00599,0.00499,20.0,0.03037,-0.0351,37,9,-0.018302,rotated_out_top8,True,0,weekly
NZDCHF,LONG,2024-05-15,2024-05-30,0.551906,0.552344,15,13,0.02022,5,0.000794,-0.001206,-0.002206,20.0,0.020869,-0.014394,12,1,-0.006382,rotated_out_top8,False,0,weekly
USDCAD,SHORT,2024-05-15,2024-05-30,1.35969,1.36829,15,13,-0.0166,8,-0.006325,-0.008325,-0.009325,20.0,0.0,-0.004325,0,8,-0.009914,rotated_out_top8,False,0,weekly
EURUSD,SHORT,2024-03-21,2024-06-04,1.08615,1.08814,75,64,-0.0325,7,-0.001832,-0.003832,-0.004832,20.0,0.019509,-0.000331,21,51,-0.026387,rotated_out_top8,False,0,weekly
AUDCAD,LONG,2024-05-30,2024-06-04,0.907053,0.908763,5,4,0.01986,5,0.001885,-0.000115,-0.001115,20.0,0.008684,-0.007582,4,1,-0.000803,rotated_out_top8,False,0,weekly
EURCHF,SHORT,2024-05-30,2024-06-09,0.978409,0.965788,10,8,-0.01707,8,0.0129,0.0109,0.0099,20.0,0.005025,0.0,7,0,-0.002202,rotated_out_top8,True,0,weekly
NZDCHF,SHORT,2024-06-04,2024-06-14,0.549441,0.546543,10,9,-0.03486,4,0.005274,0.003274,0.002274,20.0,0.002581,-0.000937,5,9,-0.011087,rotated_out_top8,True,0,weekly
AUDCAD,LONG,2024-06-09,2024-06-14,0.905462,0.908337,5,5,0.018,7,0.003176,0.001176,0.000176,20.0,0.018687,-0.003393,4,4,-0.00324,rotated_out_top8,True,0,weekly
NZDUSD,SHORT,2024-05-05,2024-06-24,0.6006,0.61184,50,43,-0.02299,6,-0.018715,-0.020715,-0.021715,20.0,5e-05,-0.027772,4,29,-0.033283,rotated_out_top8,False,0,weekly
AUDCHF,LONG,2024-06-14,2024-06-24,0.588722,0.594228,10,8,0.01652,8,0.009354,0.007354,0.006354,20.0,0.013665,-0.010533,7,4,-0.001877,rotated_out_top8,True,0,weekly
GBPCHF,LONG,2024-06-14,2024-06-24,1.129088,1.132634,10,8,0.01934,7,0.00314,0.00114,0.00014,20.0,0.011363,-0.010426,1,6,-0.005589,rotated_out_top8,True,0,weekly
NZDCAD,LONG,2024-06-24,2024-07-04,0.835602,0.832099,10,9,0.01804,8,-0.004193,-0.006193,-0.007193,20.0,0.007066,-0.011077,1,9,-0.004783,rotated_out_top8,False,0,weekly
AUDUSD,LONG,2024-06-24,2024-07-04,0.66531,0.67241,10,9,0.03394,4,0.010672,0.008672,0.007672,20.0,0.011994,-0.005035,9,5,-0.002886,rotated_out_top8,True,0,weekly
AUDCAD,LONG,2024-06-24,2024-07-04,0.908627,0.915446,10,9,0.02409,5,0.007504,0.005504,0.004504,20.0,0.014099,-0.005585,9,2,-0.002353,rotated_out_top8,True,0,weekly
NZDCHF,LONG,2024-07-04,2024-07-09,0.550212,0.549806,5,4,0.02026,7,-0.000738,-0.002738,-0.003738,20.0,0.006304,-0.006516,2,2,-0.001312,rotated_out_top8,False,0,weekly
AUDNZD,SHORT,2024-07-04,2024-07-09,1.100165,1.100393,5,4,-0.02501,4,-0.000207,-0.002207,-0.003207,20.0,0.0,0.0,0,0,-0.001447,rotated_out_top8,False,0,weekly
USDCAD,SHORT,2024-06-04,2024-07-14,1.36761,1.36469,40,34,-0.02153,6,0.002135,0.000135,-0.000865,20.0,0.002793,-0.005616,27,6,-0.007122,rotated_out_top8,True,0,weekly
NZDUSD,LONG,2024-07-04,2024-07-14,0.61119,0.60945,10,8,0.03357,2,-0.002847,-0.004847,-0.005847,20.0,0.006643,-0.007804,4,6,-0.009473,rotated_out_top8,False,0,weekly
AUDUSD,LONG,2024-07-09,2024-07-14,0.67409,0.67704,5,4,0.02117,6,0.004376,0.002376,0.001376,20.0,0.008441,-0.002566,3,1,0.0,rotated_out_top8,True,0,weekly
EURUSD,SHORT,2024-07-14,2024-07-19,1.08855,1.08827,5,5,-0.02286,5,0.000257,-0.001743,-0.002743,20.0,0.0,-0.000854,0,4,-0.00497,rotated_out_top8,False,0,weekly
NZDCAD,LONG,2024-07-14,2024-07-19,0.83171,0.824725,5,5,0.01279,8,-0.008399,-0.010399,-0.011399,20.0,0.004279,-0.010483,4,3,-0.004614,rotated_out_top8,False,0,weekly
AUDNZD,SHORT,2024-07-14,2024-07-19,1.110903,1.112605,5,5,-0.01747,7,-0.001532,-0.003532,-0.004532,20.0,0.0,0.0,0,0,-0.002193,rotated_out_top8,False,0,weekly
USDCHF,SHORT,2024-05-30,2024-07-24,0.90335,0.8851,55,47,-0.03013,3,0.020203,0.018203,0.017203,20.0,0.019904,0.0,18,0,-0.021631,rotated_out_top8,True,0,weekly
CADCHF,SHORT,2024-05-30,2024-07-24,0.660204,0.640866,55,47,-0.03654,2,0.02929,0.02729,0.02629,20.0,0.020927,-0.001274,18,3,-0.025144,rotated_out_top8,True,0,weekly
AUDUSD,LONG,2024-07-19,2024-07-24,0.66842,0.65733,5,4,0.01992,5,-0.016591,-0.018591,-0.019591,20.0,0.003785,-0.011011,2,4,-0.012552,rotated_out_top8,False,0,weekly
NZDUSD,SHORT,2024-07-24,2024-07-29,0.59246,0.58758,5,4,-0.0214,5,0.008237,0.006237,0.005237,20.0,0.00503,0.0,4,0,-0.000152,rotated_out_top8,True,0,weekly
EURGBP,SHORT,2024-05-20,2024-08-28,0.854513,0.843214,100,86,-0.01828,6,0.013222,0.011222,0.010222,20.0,0.016057,-0.00207,48,69,-0.025885,rotated_out_top8,True,4,weekly
EURCHF,SHORT,2024-07-09,2024-08-28,0.970558,0.936393,50,43,-0.02756,5,0.035201,0.033201,0.032201,20.0,0.033039,-0.001779,23,6,-0.026534,rotated_out_top8,True,4,weekly
AUDCHF,LONG,2024-07-19,2024-08-28,0.594172,0.570922,40,34,0.017,7,-0.03913,-0.04113,-0.04213,20.0,0.00451,-0.099172,1,15,-0.065847,sign_flip,False,4,weekly
USDCAD,SHORT,2024-07-19,2024-08-28,1.37278,1.34765,40,34,-0.0237,3,0.018306,0.016306,0.015306,20.0,0.017497,-0.009557,34,14,-0.012755,sign_flip,True,4,weekly
EURUSD,SHORT,2024-07-24,2024-08-28,1.08376,1.11241,35,30,-0.029,2,-0.026436,-0.028436,-0.029436,20.0,0.000258,-0.032147,8,28,-0.037499,rotated_out_top8,False,4,weekly
GBPCHF,LONG,2024-07-29,2024-08-28,1.139402,1.110505,30,26,0.01558,8,-0.025362,-0.027362,-0.028362,20.0,0.003378,-0.059457,1,7,-0.050776,rotated_out_top8,False,4,weekly
USDCAD,LONG,2024-08-28,2024-09-02,1.34765,1.34976,5,4,0.01696,8,0.001566,-0.000434,-0.001434,20.0,0.002389,-0.002671,3,1,-0.000178,rotated_out_top8,False,0,weekly
NZDCAD,SHORT,2024-07-24,2024-09-12,0.818247,0.839753,50,43,-0.02171,4,-0.026284,-0.028284,-0.029284,20.0,0.003395,-0.027644,4,34,-0.037839,rotated_out_top8,False,4,weekly
EURGBP,SHORT,2024-09-02,2024-09-12,0.842269,0.843625,10,9,-0.02306,8,-0.001609,-0.003609,-0.004609,20.0,0.0,-0.001386,0,6,-0.002641,rotated_out_top8,False,0,weekly
AUDUSD,SHORT,2024-08-28,2024-09-17,0.67824,0.67599,20,17,-0.04894,6,0.003317,0.001317,0.000317,20.0,0.015997,-2.9e-05,10,2,-0.014508,rotated_out_top8,True,0,weekly
AUDCHF,SHORT,2024-08-28,2024-09-22,0.570922,0.579485,25,21,-0.07459,3,-0.014998,-0.016998,-0.017998,20.0,0.013227,-0.00409,10,5,-0.02853,rotated_out_top8,False,0,weekly
NZDCHF,SHORT,2024-08-28,2024-10-17,0.52577,0.524754,50,43,-0.0769,2,0.001932,-6.8e-05,-0.001068,20.0,0.008536,-0.013115,10,29,-0.029972,rotated_out_top8,False,3,weekly
NZDUSD,SHORT,2024-08-28,2024-10-17,0.6246,0.60593,50,43,-0.06729,4,0.029891,0.027891,0.026891,20.0,0.026769,-0.014537,43,29,-0.035191,sign_flip,True,3,weekly
GBPCHF,LONG,2024-09-12,2024-10-17,1.115962,1.127051,35,30,0.04796,5,0.009937,0.007937,0.006937,20.0,0.025104,-0.010834,13,6,-0.015131,rotated_out_top8,True,3,weekly
EURGBP,SHORT,2024-09-22,2024-10-17,0.838256,0.832081,25,22,-0.03602,8,0.007367,0.005367,0.004367,20.0,0.002799,0.0,7,0,-0.009749,rotated_out_top8,True,3,weekly
NZDCAD,LONG,2024-10-17,2024-10-27,0.835923,0.830592,10,8,0.03447,7,-0.006378,-0.008378,-0.009378,20.0,0.007825,-0.011199,4,8,-0.009687,rotated_out_top8,False,0,weekly
NZDUSD,LONG,2024-10-17,2024-10-27,0.60593,0.59775,10,8,0.03131,8,-0.0135,-0.0155,-0.0165,20.0,0.003961,-0.014193,4,8,-0.016289,rotated_out_top8,False,0,weekly
EURGBP,SHORT,2024-10-27,2024-11-01,0.833183,0.838523,5,5,-0.02738,8,-0.00641,-0.00841,-0.00941,20.0,0.0,-0.001195,0,5,-0.014799,rotated_out_top8,False,0,weekly
NZDUSD,SHORT,2024-11-01,2024-11-06,0.59618,0.59374,5,4,-0.03377,6,0.004093,0.002093,0.001093,20.0,0.0,-0.001057,0,2,-0.00894,rotated_out_top8,True,0,weekly
AUDUSD,LONG,2024-10-17,2024-12-01,0.6699,0.65013,45,38,0.04823,4,-0.029512,-0.031512,-0.032512,20.0,0.003553,-0.039603,4,35,-0.038558,rotated_out_top8,False,3,weekly
USDCHF,SHORT,2024-09-12,2024-12-06,0.84981,0.87858,85,73,-0.03648,8,-0.033855,-0.035855,-0.036855,20.0,0.009849,-0.046293,15,63,-0.063273,rotated_out_top8,False,6,weekly
GBPUSD,LONG,2024-09-17,2024-12-06,1.31669,1.27413,80,69,0.04075,7,-0.032323,-0.034323,-0.035323,20.0,0.020278,-0.05166,9,58,-0.067928,rotated_out_top8,False,6,weekly
EURGBP,SHORT,2024-11-06,2024-12-06,0.833041,0.829366,30,26,-0.03767,6,0.004412,0.002412,0.001412,20.0,0.002254,-0.001216,4,10,-0.00883,rotated_out_top8,True,3,weekly
AUDCAD,LONG,2024-10-17,2024-12-16,0.924174,0.907587,60,51,0.046,5,-0.017948,-0.019948,-0.020948,20.0,0.009238,-0.033369,19,44,-0.025406,rotated_out_top8,False,3,weekly
EURCHF,SHORT,2024-12-16,2025-01-10,0.940136,0.938833,25,22,-0.03478,8,0.001386,-0.000614,-0.001614,20.0,0.007786,0.0,6,0,-0.009946,rotated_out_top8,False,3,weekly
EURUSD,SHORT,2024-12-06,2025-01-15,1.05672,1.02948,40,34,-0.04428,5,0.025778,0.023778,0.022778,20.0,0.030349,0.0,32,0,-0.010921,rotated_out_top8,True,3,weekly
EURCHF,SHORT,2025-01-15,2025-01-20,0.938989,0.94419,5,4,-0.01836,8,-0.005539,-0.007539,-0.008539,20.0,0.0,0.0,0,0,-0.001556,rotated_out_top8,False,0,weekly
CADCHF,SHORT,2024-08-28,2025-02-09,0.624621,0.635557,165,141,-0.04994,5,-0.017508,-0.019508,-0.020508,20.0,0.005446,-0.020433,88,76,-0.031925,rotated_out_top8,False,9,weekly
EURUSD,SHORT,2025-01-20,2025-02-19,1.04206,1.04205,30,26,-0.0224,8,1e-05,-0.00199,-0.00299,20.0,0.014519,-0.005979,12,24,-0.023454,rotated_out_top8,False,1,weekly
GBPUSD,SHORT,2025-02-09,2025-02-19,1.2389,1.25825,10,9,-0.02145,8,-0.015619,-0.017619,-0.018619,20.0,0.0,-0.015586,0,9,-0.021366,rotated_out_top8,False,1,weekly
NZDCAD,SHORT,2025-02-19,2025-02-24,0.811671,0.817424,5,4,-0.01955,7,-0.007087,-0.009087,-0.010087,20.0,0.0,-0.003429,0,4,-0.0065,rotated_out_top8,False,0,weekly
USDCHF,LONG,2025-02-19,2025-03-31,0.90455,0.88389,40,34,0.01857,8,-0.02284,-0.02484,-0.02584,20.0,0.000929,-0.032093,1,26,-0.031021,rotated_out_top8,False,5,weekly
EURUSD,SHORT,2025-02-24,2025-03-31,1.0461,1.08172,35,30,-0.02698,6,-0.03405,-0.03605,-0.03705,20.0,0.003967,-0.041229,5,20,-0.053857,rotated_out_top8,False,5,weekly
USDCAD,LONG,2024-12-06,2025-06-04,1.41579,1.36811,180,154,0.03661,7,-0.033677,-0.035677,-0.036677,20.0,0.044823,-0.034179,51,153,-0.070667,rotated_out_top8,False,19,weekly
NZDCAD,LONG,2025-03-31,2025-06-04,0.815651,0.824245,65,56,0.01579,8,0.010537,0.008537,0.007537,20.0,0.024938,-0.053673,21,9,-0.037165,sign_flip,True,10,weekly
NZDUSD,SHORT,2024-12-06,2025-06-19,0.58293,0.59993,195,167,-0.03821,6,-0.029163,-0.031163,-0.032163,20.0,0.0451,-0.033949,32,160,-0.094488,rotated_out_top8,False,19,weekly
NZDCAD,SHORT,2025-06-04,2025-06-19,0.824245,0.821586,15,13,-0.0378,7,0.003226,0.001226,0.000226,20.0,0.007569,0.0,10,0,-0.010192,rotated_out_top8,True,0,weekly
AUDUSD,SHORT,2025-01-10,2025-07-04,0.61456,0.65519,175,150,-0.0506,5,-0.066112,-0.068112,-0.069112,20.0,0.02213,-0.066389,74,148,-0.102333,rotated_out_top8,False,16,weekly
AUDCAD,SHORT,2025-06-04,2025-07-24,0.887808,0.899463,50,43,-0.03234,8,-0.013128,-0.015128,-0.016128,20.0,0.005596,-0.010275,10,34,-0.021335,rotated_out_top8,False,0,weekly
NZDUSD,LONG,2025-07-24,2025-07-29,0.60348,0.59536,5,4,0.0273,8,-0.013455,-0.015455,-0.016455,20.0,0.003894,-0.011666,1,4,-0.010539,rotated_out_top8,False,0,weekly
GBPUSD,LONG,2025-07-04,2025-08-08,1.36463,1.34502,35,30,0.03845,6,-0.01437,-0.01637,-0.01737,20.0,0.002543,-0.03705,1,25,-0.032478,rotated_out_top8,False,0,weekly
AUDCAD,SHORT,2025-08-08,2025-08-13,0.896884,0.900803,5,4,-0.02618,8,-0.00437,-0.00637,-0.00737,20.0,0.0,0.0,0,0,-0.00327,rotated_out_top8,False,0,weekly
GBPCHF,SHORT,2025-07-29,2025-08-28,1.075472,1.082964,30,26,-0.02341,8,-0.006966,-0.008966,-0.009966,20.0,0.005572,-0.012687,5,17,-0.023962,rotated_out_top8,False,0,weekly
NZDUSD,LONG,2025-08-28,2025-09-12,0.58821,0.59562,15,13,0.03474,8,0.012598,0.010598,0.009598,20.0,0.016474,-0.0085,13,7,-0.00918,rotated_out_top8,True,0,weekly
GBPCHF,SHORT,2025-09-12,2025-10-02,1.079976,1.0717,20,17,-0.02394,8,0.007663,0.005663,0.004663,20.0,0.008962,0.0,14,0,-0.006695,rotated_out_top8,True,0,weekly
AUDUSD,LONG,2025-10-02,2025-10-27,0.65987,0.65578,25,21,0.02331,8,-0.006198,-0.008198,-0.009198,20.0,0.003849,-0.024065,1,11,-0.021383,rotated_out_top8,False,2,weekly
GBPUSD,LONG,2025-08-13,2025-11-06,1.35846,1.31393,85,73,0.02817,8,-0.03278,-0.03478,-0.03578,20.0,0.010416,-0.042335,31,72,-0.046472,rotated_out_top8,False,2,weekly
EURUSD,LONG,2025-06-19,2025-11-26,1.15112,1.16016,160,137,0.04226,7,0.007853,0.005853,0.004853,20.0,0.035366,-0.010451,78,38,-0.033515,rotated_out_top8,True,2,weekly
NZDUSD,SHORT,2025-11-26,2025-12-01,0.57035,0.57244,5,4,-0.02791,8,-0.003664,-0.005664,-0.006664,20.0,0.0,-0.003296,0,4,-0.005558,rotated_out_top8,False,0,weekly
EURUSD,LONG,2025-12-01,2025-12-11,1.16065,1.17404,10,9,0.02294,8,0.011537,0.009537,0.008537,20.0,0.008254,-0.001499,9,1,-0.003283,rotated_out_top8,True,0,weekly
AUDCHF,SHORT,2024-12-01,2025-12-16,0.57346,0.527418,380,326,-0.03856,6,0.080289,0.078289,0.077289,20.0,0.103056,0.0,109,0,-0.069203,rotated_out_top8,True,21,weekly
NZDUSD,SHORT,2025-12-11,2025-12-16,0.58086,0.57831,5,4,-0.03443,7,0.00439,0.00239,0.00139,20.0,0.000947,0.0,3,0,0.0,rotated_out_top8,True,0,weekly
AUDUSD,LONG,2025-12-16,2025-12-21,0.66321,0.66118,5,4,0.02241,6,-0.003061,-0.005061,-0.006061,20.0,0.004297,-0.006001,1,3,-0.004825,rotated_out_top8,False,0,weekly
BTCUSD,LONG,2023-02-25,2025-12-31,23144.48,87507.73,1040,1040,0.1,1,2.780933,2.778933,2.777933,20.0,4.457141,-0.155205,955,14,-1.729708,sign_flip,True,51,weekly
USDCAD,SHORT,2025-12-16,2025-12-31,1.3755,1.37238,15,13,-0.0203,7,0.002268,0.000268,-0.000732,20.0,0.005874,-0.002486,11,5,-0.003344,rotated_out_top8,True,0,weekly
AUDNZD,LONG,2025-12-31,2026-01-15,1.159418,1.166823,15,13,0.01519,8,0.006387,0.004387,0.003387,20.0,0.012586,-0.008199,11,1,-0.004321,rotated_out_top8,True,0,weekly
USDCAD,SHORT,2026-01-15,2026-01-20,1.38894,1.3833,5,4,-0.01827,8,0.004061,0.002061,0.001061,20.0,0.0,-0.000713,0,3,-0.001807,rotated_out_top8,True,0,weekly
NZDCAD,SHORT,2025-11-06,2026-03-01,0.79551,0.81399,115,98,-0.02793,7,-0.02323,-0.02523,-0.02623,20.0,0.006703,-0.031856,49,81,-0.046575,rotated_out_top8,False,5,weekly
NZDUSD,SHORT,2025-12-21,2026-03-01,0.57553,0.59554,70,60,-0.03846,4,-0.034768,-0.036768,-0.037768,20.0,0.00384,-0.048199,19,45,-0.060188,rotated_out_top8,False,5,weekly
AUDCHF,SHORT,2026-01-20,2026-03-01,0.531455,0.542951,40,34,-0.02177,8,-0.021631,-0.023631,-0.024631,20.0,0.0,-0.026256,0,29,-0.034337,rotated_out_top8,False,5,weekly
CADCHF,SHORT,2025-03-31,2026-04-05,0.614231,0.574478,370,317,-0.02757,6,0.064719,0.062719,0.061719,20.0,0.080819,0.0,288,0,-0.03209,rotated_out_top8,True,22,weekly
USDCHF,SHORT,2025-06-19,2026-04-05,0.81636,0.80115,290,248,-0.04993,5,0.018631,0.016631,0.015631,20.0,0.058442,0.0,207,0,-0.045397,rotated_out_top8,True,12,weekly
GBPCHF,SHORT,2025-10-27,2026-04-05,1.060018,1.056356,160,137,-0.02375,8,0.003454,0.001454,0.000454,20.0,0.024568,-0.010619,108,69,-0.030386,rotated_out_top8,True,10,weekly
USDCAD,SHORT,2026-03-01,2026-04-05,1.36681,1.39457,35,30,-0.01869,8,-0.02031,-0.02231,-0.02331,20.0,0.004917,-0.017771,9,30,-0.027524,rotated_out_top8,False,5,weekly
AUDCHF,LONG,2026-04-05,2026-04-10,0.551544,0.557593,5,5,0.0351,8,0.010967,0.008967,0.007967,20.0,0.027848,-0.011528,3,3,-0.004096,rotated_out_top8,True,0,weekly
NZDCAD,SHORT,2026-04-05,2026-04-15,0.792827,0.811616,10,9,-0.04527,6,-0.023699,-0.025699,-0.026699,20.0,0.0,-0.015026,0,6,-0.024758,rotated_out_top8,False,0,weekly
USDCHF,SHORT,2026-04-10,2026-04-20,0.78902,0.77852,10,8,-0.03768,7,0.013308,0.011308,0.010308,20.0,0.007516,0.0,5,0,-0.004525,rotated_out_top8,True,0,weekly
CADCHF,SHORT,2026-04-15,2026-04-20,0.568963,0.570595,5,4,-0.02716,8,-0.002869,-0.004869,-0.005869,20.0,0.0,0.0,0,0,-0.005011,rotated_out_top8,False,0,weekly
NZDUSD,SHORT,2026-04-05,2026-04-30,0.56851,0.59054,25,22,-0.06261,2,-0.03875,-0.04075,-0.04175,20.0,0.0,-0.037238,0,16,-0.039735,rotated_out_top8,False,0,weekly
NZDCAD,SHORT,2026-04-20,2026-04-30,0.805637,0.801924,10,9,-0.03575,7,0.004609,0.002609,0.001609,20.0,0.002866,0.0,6,0,-0.004556,rotated_out_top8,True,0,weekly
AUDCHF,LONG,2026-04-30,2026-05-05,0.562774,0.562819,5,4,0.03199,7,8.1e-05,-0.001919,-0.002919,20.0,0.014206,-0.013919,1,1,-0.002315,rotated_out_top8,False,0,weekly
GBPCHF,SHORT,2026-04-20,2026-05-10,1.053361,1.057256,20,17,-0.02868,8,-0.003698,-0.005698,-0.006698,20.0,0.0,-0.007036,0,9,-0.012921,rotated_out_top8,False,0,weekly
CADCHF,SHORT,2026-05-05,2026-05-10,0.574386,0.568418,5,4,-0.0264,6,0.01039,0.00839,0.00739,20.0,0.003475,0.0,4,0,-0.000281,rotated_out_top8,True,0,weekly
NZDUSD,SHORT,2026-05-10,2026-05-15,0.59488,0.58372,5,5,-0.03321,6,0.01876,0.01676,0.01576,20.0,0.001278,0.0,5,0,-0.002572,rotated_out_top8,True,0,weekly
USDCHF,SHORT,2026-04-30,2026-05-20,0.78163,0.78711,20,17,-0.05304,4,-0.007011,-0.009011,-0.010011,20.0,0.004606,-0.0049,9,15,-0.01589,rotated_out_top8,False,0,weekly
EURCHF,SHORT,2026-05-15,2026-05-20,0.914635,0.914976,5,4,-0.02132,8,-0.000373,-0.002373,-0.003373,20.0,0.0,0.0,0,0,-0.001369,rotated_out_top8,False,0,weekly
AUDCHF,LONG,2026-05-20,2026-05-25,0.562697,0.561381,5,4,0.01553,7,-0.002339,-0.004339,-0.005339,20.0,0.00793,-0.010476,1,1,-0.005534,rotated_out_top8,False,0,weekly
NZDCHF,SHORT,2024-10-27,2026-06-04,0.519104,0.463095,585,502,-0.04518,6,0.107895,0.105895,0.104895,20.0,0.130635,-0.004004,331,14,-0.061237,rotated_out_top8,True,34,weekly
NZDCAD,SHORT,2026-05-10,2026-06-04,0.813968,0.816115,25,22,-0.02968,8,-0.002637,-0.004637,-0.005637,20.0,0.012211,-0.010829,7,19,-0.029945,rotated_out_top8,False,0,weekly
NZDUSD,SHORT,2026-05-20,2026-06-04,0.58666,0.58685,15,13,-0.05212,2,-0.000324,-0.002324,-0.003324,20.0,0.00092,-0.017267,6,10,-0.025142,rotated_out_top8,False,0,weekly
AUDCAD,LONG,2026-03-01,2026-06-09,0.964394,0.980017,100,86,0.02654,7,0.0162,0.0142,0.0132,20.0,0.034988,-0.02448,82,8,-0.024077,rotated_out_top8,True,5,weekly
USDCHF,SHORT,2026-06-04,2026-06-09,0.78912,0.7992,5,4,-0.04029,4,-0.012774,-0.014774,-0.015774,20.0,0.0,-0.007046,0,4,-0.01143,rotated_out_top8,False,0,weekly
AUDCHF,LONG,2026-06-04,2026-06-14,0.562682,0.561643,10,8,0.03113,5,-0.001847,-0.003847,-0.004847,20.0,0.011456,-0.015534,2,2,-0.00579,rotated_out_top8,False,0,weekly
EURUSD,SHORT,2026-06-09,2026-06-14,1.15344,1.16026,5,4,-0.01448,7,-0.005913,-0.007913,-0.008913,20.0,0.0,-0.001933,0,4,-0.003529,rotated_out_top8,False,0,weekly
USDCAD,SHORT,2026-06-09,2026-06-14,1.39528,1.39635,5,4,-0.01436,8,-0.000767,-0.002767,-0.003767,20.0,0.0,-0.000423,0,4,-0.002967,rotated_out_top8,False,0,weekly
NZDCHF,SHORT,2026-06-14,2026-06-19,0.464745,0.463213,5,5,-0.01839,8,0.003297,0.001297,0.000297,20.0,0.0,0.0,0,0,-0.003472,rotated_out_top8,True,0,weekly
GBPCHF,SHORT,2026-06-04,2026-06-24,1.059181,1.069635,20,17,-0.01684,8,-0.00987,-0.01187,-0.01287,20.0,0.0,-0.004871,0,17,-0.011447,rotated_out_top8,False,0,weekly
EURCHF,SHORT,2026-05-25,2026-06-29,0.911323,0.922376,35,30,-0.01978,8,-0.012128,-0.014128,-0.015128,20.0,0.0,-0.013348,0,24,-0.017165,rotated_out_top8,False,0,weekly
USDCHF,SHORT,2026-06-14,2026-06-29,0.79392,0.80777,15,13,-0.03668,3,-0.017445,-0.019445,-0.020445,20.0,0.0,-0.019712,0,10,-0.024461,rotated_out_top8,False,0,weekly
USDCAD,SHORT,2026-06-24,2026-06-29,1.42351,1.42103,5,4,-0.01807,7,0.001742,-0.000258,-0.001258,20.0,0.002796,0.0,4,0,0.0,rotated_out_top8,False,0,weekly
NZDCHF,LONG,2026-06-29,2026-07-09,0.456374,0.464626,10,9,0.01088,8,0.018081,0.016081,0.015081,20.0,0.016016,-0.005402,9,4,-0.002805,rotated_out_top8,True,0,weekly
GBPUSD,SHORT,2026-06-29,2026-07-09,1.3253,1.3413,10,9,-0.01518,7,-0.012073,-0.014073,-0.015073,20.0,0.0,-0.006912,0,8,-0.010888,rotated_out_top8,False,0,weekly
NZDUSD,SHORT,2026-07-09,2026-07-14,0.57608,0.58117,5,4,-0.02185,7,-0.008836,-0.010836,-0.011836,20.0,0.000208,0.0,3,0,-0.001042,rotated_out_top8,False,0,weekly
EURGBP,SHORT,2026-07-09,2026-07-19,0.852375,0.84992,10,8,-0.02153,8,0.00288,0.00088,-0.00012,20.0,0.0,0.0,0,0,-0.003556,rotated_out_top8,True,0,weekly
CADCHF,SHORT,2026-07-14,2026-07-24,0.575749,0.580484,10,9,-0.02043,7,-0.008223,-0.010223,-0.011223,20.0,0.0,-0.001492,0,9,-0.011699,rotated_out_top8,False,0,weekly
NZDUSD,SHORT,2026-07-19,2026-07-29,0.58384,0.5801,10,9,-0.02035,8,0.006406,0.004406,0.003406,20.0,0.006937,0.0,9,0,-0.004162,rotated_out_top8,True,0,weekly
CADCHF,SHORT,2026-07-29,2026-08-03,0.579514,0.576906,5,4,-0.01717,8,0.0045,0.0025,0.0015,20.0,0.005169,0.0,4,0,-0.001589,rotated_out_top8,True,0,weekly
NZDCHF,LONG,2026-08-03,2026-08-13,0.475289,0.476452,10,9,0.02097,6,0.002448,0.000448,-0.000552,20.0,0.010018,-0.00684,5,1,-0.001796,rotated_out_top8,True,0,weekly
GBPUSD,SHORT,2026-08-13,2026-08-18,1.34896,1.35358,5,4,-0.01497,8,-0.003425,-0.005425,-0.006425,20.0,0.0,-0.003395,0,4,-0.004463,rotated_out_top8,False,0,weekly
EURGBP,SHORT,2026-07-24,2026-08-23,0.853435,0.855617,30,25,-0.02103,8,-0.002557,-0.004557,-0.005557,20.0,0.0,-0.003193,0,14,-0.005802,rotated_out_top8,False,0,weekly
CADCHF,SHORT,2026-08-18,2026-08-23,0.584378,0.58043,5,4,-0.01435,8,0.006757,0.004757,0.003757,20.0,0.003618,0.0,3,0,-0.007458,rotated_out_top8,True,0,weekly
BTCUSD,SHORT,2025-12-31,2026-08-24,87507.73,77043.24,236,237,-0.1,1,0.119584,0.117584,0.116584,20.0,0.312184,-0.086679,182,16,-0.22606,end_of_data,True,12,weekly
AUDUSD,LONG,2026-03-01,2026-08-24,0.70558,0.71642,176,152,0.05418,3,0.015363,0.013363,0.012363,20.0,0.031364,-0.031591,58,26,-0.052737,end_of_data,True,5,weekly
AUDNZD,LONG,2026-04-05,2026-08-24,1.210955,1.19935,141,122,0.03842,7,-0.009583,-0.011583,-0.012583,20.0,0.027272,-0.024957,3,101,-0.028627,end_of_data,False,0,weekly
AUDCAD,LONG,2026-06-14,2026-08-24,0.98782,0.988079,71,62,0.0313,4,0.000263,-0.001737,-0.002737,20.0,0.011473,-0.017366,4,40,-0.015984,end_of_data,False,0,weekly
AUDCHF,LONG,2026-06-19,2026-08-24,0.565973,0.573365,66,57,0.02561,5,0.013061,0.011061,0.010061,20.0,0.023708,-0.025849,53,12,-0.017814,end_of_data,True,0,weekly
EURUSD,SHORT,2026-06-29,2026-08-24,1.14188,1.16789,56,49,-0.01943,6,-0.022778,-0.024778,-0.025778,20.0,0.001681,-0.022551,24,49,-0.027866,end_of_data,False,0,weekly
NZDCHF,LONG,2026-08-23,2026-08-24,0.478403,0.478063,1,2,0.02476,7,-0.00071,-0.00271,-0.00371,20.0,0.001366,-0.002412,1,1,-0.00071,end_of_data,False,0,weekly
NZDCAD,LONG,2026-08-23,2026-08-24,0.824222,0.823845,1,2,0.02925,5,-0.000457,-0.002457,-0.003457,20.0,0.001698,-0.001872,1,2,-0.000457,end_of_data,False,0,weekly
